left_id,right_id
786,7865
190,3521
1212,18192
594,28581
917,17820
505,55938
1121,830
837,30243
2491,6394
900,32753
1984,7501
1561,6960
2434,58755
1957,1528
940,58897
611,3729
739,5677
2119,48039
1165,39609
1935,8261
1318,26706
1775,43609
220,45567
819,48541
2282,174
2188,24114
724,35678
832,25939
265,37050
1263,17170
887,36097
1839,1038
376,33951
2392,2249
1536,60898
1102,13142
1039,26231
1959,39824
2272,25853
2269,34471
952,11541
165,33809
2074,744
2079,16219
672,19924
796,49492
1630,57893
897,45889
1374,40616
1814,22904
951,49368
379,6136
1638,3525
1752,10439
391,60614
2381,14855
686,22252
132,6678
1855,8540
67,47953
1350,30848
537,56404
659,42157
844,165
2078,28452
1795,45043
1854,42277
641,12370
758,35218
2163,10270
2002,15862
2204,2596
782,10632
84,48758
2470,60351
140,19343
284,32044
2104,30049
2489,7964
605,28031
2352,50148
1641,24347
282,1605
1765,16628
105,3449
838,1234
932,34491
2088,32511
1332,6579
122,1960
702,57195
97,11671
1392,42306
1206,10780
2336,32754
16,22412
2312,44429
591,2235
1052,22438
1835,54201
1158,32868
440,49481
1815,53298
161,4777
1617,24039
966,13486
1608,1981
1209,23594
755,12417
1138,50084
651,36520
2278,52472
1691,31291
2502,25145
1348,31286
402,5522
2420,53783
73,34208
1542,17760
1590,28563
328,44399
2154,28882
1751,3254
1558,23478
2360,20374
2100,475
1777,2986
1446,28310
2432,13092
673,36859
1915,55905
2172,18078
428,1268
2218,18143
2085,1547
1929,3955
810,97
746,47858
726,22610
1166,33303
481,17806
443,54215
826,34982
514,50601
856,33615
1439,18076
413,178
803,51385
157,20679
2493,10521
817,9282
1500,4198
1365,27748
1999,3174
1430,9939
822,2392
55,19874
1519,4439
1320,5619
1250,5069
1729,15810
1537,14969
2334,51686
1161,1068
1952,41772
470,28846
2031,2845
1127,24525
774,26248
410,59553
1100,28085
1323,14309
472,5118
1631,23551
1084,2179
335,32681
998,53572
203,10676
133,58301
616,14989
747,40896
2305,37888
421,21371
1027,4754
1215,35307
615,16185
730,61234
1476,3585
872,46847
2447,13474
1682,33721
424,27420
451,23514
1255,488
1479,28752
2139,24895
1405,55435
2465,13065
1253,44201
1634,4503
2302,17313
738,26070
558,40632
2435,18150
64,3385
1256,21129
2419,43468
456,9212
1874,13887
1330,11265
187,31618
1239,23387
743,41568
2192,20650
1681,53632
72,45664
1339,44191
1655,15495
927,28727
1966,29879
1303,44692
799,20356
1475,42603
1996,20552
385,11554
1753,37973
1131,17419
1668,2196
693,16221
1619,2810
2267,3956
1228,50589
1022,29850
431,7890
915,2488
1035,3800
224,44442
1051,45852
476,32572
2437,25469
70,9357
787,1287
1574,3239
2122,27069
2245,22455
801,22705
1466,30175
2321,1493
5,45565
1304,5941
1898,32748
319,15389
918,35529
555,3984
1398,15775
1910,26332
56,55434
1697,17137
1864,1781
1342,60396
426,36981
1719,1643
791,21730
1764,5235
461,42727
925,15012
1545,2278
1380,57615
1423,12376
1802,1541
1232,48231
1182,9143
2248,16747
1316,57618
183,18379
294,37025
2409,23086
2509,42244
1458,12822
1313,50648
544,32604
2224,16768
586,59215
2029,28833
2414,10457
2215,33027
1629,8083
722,10368
1066,11802
1408,58368
174,3307
2089,1446
933,13362
1266,7126
1484,9225
1578,38952
749,48771
1447,2129
244,23882
1891,44973
2128,16759
1353,25944
1156,43970
2511,48167
1549,51295
2242,4096
663,5917
2424,34259
425,39480
196,32305
2481,15897
1740,6802
1712,22370
533,21526
2477,16644
985,7399
695,11705
1482,2042
512,16624
1895,33213
404,36365
2500,7546
538,22861
690,28915
618,11767
2398,11316
310,43184
1139,27518
246,16555
1880,4062
2198,39940
816,23840
2077,10990
567,255
564,19131
1017,53708
950,27673
557,15868
1059,30463
2143,18468
2021,10712
1517,55089
1007,1996
1916,27225
1699,2556
1811,33425
1359,2303
1282,16858
354,12018
879,50166
1690,20506
1847,14149
1798,60016
919,7026
2112,3599
1086,35919
1698,3927
1326,1837
2287,48976
1395,37160
2397,57687
1931,16781
891,59099
1734,41177
1094,13515
2197,3148
871,2041
1200,43293
1236,59793
658,12042
2229,33832
116,56445
1928,37118
2452,11178
989,48032
2487,6579
1269,33510
2014,15736
490,47259
450,25613
2171,26681
2322,59598
1591,43254
1343,26843
757,51798
1160,60038
2355,13898
570,28270
708,29050
237,17547
296,53771
945,23206
2106,19830
2082,48341
1434,33892
360,4270
2377,9195
1300,18332
868,23963
2071,15747
1259,11056
2421,57061
83,3256
889,12044
579,47806
307,34799
882,16444
1422,2434
1606,2027
2236,55263
1523,46724
320,34285
541,29325
953,11996
2108,24856
0,21732
169,34905
588,38362
809,604
1379,2156
1112,13970
85,1333
620,10966
2211,14388
1665,6839
667,3100
981,4390
332,9424
285,29617
539,7276
1456,12626
1252,36338
2164,1609
1832,57928
628,52006
839,2499
1185,45789
625,31338
240,17394
1015,10804
942,35858
1146,58112
2295,23362
1349,21042
2348,59195
1207,28398
1944,38418
1045,51870
1036,18466
1014,46271
411,2172
2075,33754
371,53339
46,18925
1028,36647
935,53359
34,7840
2368,39377
1074,10387
1793,17303
112,34316
1820,11945
297,18860
316,37067
195,12398
1407,6933
469,55622
1597,21327
912,30059
1838,40057
1628,44735
1452,16398
171,26104
298,10774
2373,11623
403,8866
1440,23208
765,16517
1738,1083
1425,30530
1969,26402
1865,31951
2101,8093
1075,43159
464,32121
1183,29127
397,7411
530,54960
134,1169
123,1490
1186,55011
2080,14502
2353,9729
759,28213
789,4059
2097,26607
485,7374
2025,22223
2294,11653
622,15781
1333,24650
1514,11104
1728,56737
689,46598
2181,39148
436,60492
1143,2163
2298,26856
2121,32385
2214,12955
1286,40065
1872,6319
2428,22687
1198,10322
1824,26618
37,24704
129,36440
941,36875
1373,36005
390,14804
1463,25974
104,2097
545,52642
2017,29983
1287,12965
928,23829
447,55599
1504,40796
2057,35676
849,23142
1363,17875
2458,48841
1562,22033
2430,10902
124,27867
575,17230
2307,33484
2030,461
2346,21555
2375,36917
2488,54274
1489,32402
1596,1166
2365,30566
1247,25651
2126,46444
1770,6596
630,19597
1433,2806
2196,34832
639,26797
1553,32752
1862,15540
1521,30070
668,43892
1836,24885
1538,11239
2412,3093
971,12992
1241,793
896,12899
2444,19804
883,47211
375,25906
1331,42689
1870,42970
1499,7942
1378,9747
38,17035
1386,6059
582,7254
1750,13808
2388,1886
1546,54075
2471,10487
2028,28623
805,9456
2326,15160
650,20415
2276,21104
1664,1020
1507,106
1169,18984
2350,12829
1437,23360
1244,50450
709,1867
1956,59691
422,38835
1540,51033
57,59339
648,6753
1319,15195
2038,23515
2364,11463
2427,10015
2482,4815
2325,57067
503,36580
280,21445
331,12345
852,6908
1413,38637
1716,57022
19,4918
1044,29592
1019,25235
1227,49437
725,53349
878,26091
604,35840
1271,49295
362,14819
2436,45497
1990,56755
540,32686
352,5639
1163,7221
646,44003
1749,23234
1257,18664
1188,26881
111,1807
2498,16058
1707,42389
1040,35998
719,47327
253,6398
513,6913
1722,36906
26,42771
1991,6079
1368,19264
2156,19649
1135,41167
2319,44344
1149,35740
964,3428
2441,60958
893,16840
982,17714
1592,40550
2060,1180
1141,10794
1528,18904
653,30087
1723,25960
2279,33077
277,36161
2145,11126
32,12782
2032,42885
840,27823
1899,48782
315,582
2507,38267
1856,46793
457,47540
1674,369
585,6373
1548,536
341,28529
337,11287
1315,17369
1821,6541
317,14396
1254,51862
1612,3510
621,9462
1001,2376
1680,3213
1632,17559
357,2023
2239,7365
2059,60178
2463,18426
4,2541
2023,1676
2296,57360
704,32344
992,29946
1809,38374
1404,54998
938,38529
560,35121
333,9213
2354,45150
2327,29070
2250,18320
1237,4924
278,36523
2114,15361
110,7247
1136,23361
1964,7643
1755,903
2233,25870
1975,13549
270,4247
18,25181
1308,53745
1888,36871
1130,12969
2415,2358
1551,927
2391,9157
2199,10145
40,33595
1043,55701
1291,14563
1918,2913
2328,6503
1981,35589
236,29091
2429,59697
2189,49704
509,13318
1417,18745
1938,14355
30,19412
1292,48692
495,13682
2411,22847
2092,4287
2013,23488
2138,808
1375,20476
629,8908
1945,41854
1120,3227
815,24312
848,54533
1435,18012
978,26024
2184,13343
100,116
1730,26875
2431,13481
764,43310
980,3789
589,6691
1961,22486
173,39666
475,7746
2221,37004
2022,1288
2385,27321
1309,6234
1976,16511
1432,30189
1248,18584
1979,48041
1050,48646
2468,31843
2157,1899
71,50886
1492,3271
308,2464
1497,57218
1181,49598
2460,40999
1238,13245
2384,27909
1613,6628
2400,50678
212,31905
550,32833
603,7068
499,48770
107,43941
827,9641
1280,12611
324,49581
81,61242
768,26661
813,28430
1312,19219
1234,21822
657,20989
2234,2781
2361,16013
1201,34608
1914,29912
327,30031
1203,18146
2208,2391
632,20611
293,4743
1526,10372
1788,37419
211,54669
33,51622
754,41454
384,17778
526,10981
2394,22129
967,17643
2261,39990
2146,10363
959,2052
206,32761
1464,19280
767,36027
1095,35575
721,5828
460,2031
578,299
562,29066
1988,554
109,49494
756,19980
1471,34789
939,6438
1486,18336
943,39720
186,47727
2055,43831
1607,50367
1076,5037
2359,19162
1887,55866
1503,10453
2311,36797
1272,20587
1675,38
854,36183
1092,24631
1347,5901
1560,22374
1154,20772
1273,16600
91,31260
452,55964
1796,30854
1708,33048
1737,21764
652,1956
1233,14757
1635,35955
2358,2866
1473,24037
793,8827
2461,29790
1460,37376
2486,19326
2379,35452
267,53040
1678,44411
1472,43359
329,31964
1858,13619
2194,27847
1042,60287
126,39325
150,53062
1529,44273
1391,41486
303,38272
9,21608
138,16893
432,3634
221,27486
92,14103
1465,4575
2387,42329
1187,36020
1582,44930
2178,17223
528,43367
2383,101
988,39102
1512,21346
2045,1513
2257,58770
551,13347
1129,7997
1759,16707
1695,7316
1885,35977
1249,17592
1539,53159
675,3247
1837,44844
455,14042
1968,47262
1687,54780
1358,12858
1960,1100
532,50349
860,32639
1919,16412
2220,3310
1593,12550
1933,28931
1648,51128
1717,40462
231,5394
345,55925
141,19242
1911,2684
1216,60763
1871,49977
869,55129
1062,4529
1557,39873
1564,44375
309,36802
2344,38610
2168,50824
1267,16456
824,42478
2410,19564
597,54393
1147,40419
202,18057
228,29242
1214,9094
417,13449
1544,7121
446,8206
825,6845
1328,28191
745,37188
1813,20622
1334,34041
2331,3684
2439,14715
2357,3505
698,18180
2177,43454
1276,16201
1754,4213
1387,39924
1105,12410
1995,57203
1718,16164
1672,30489
631,23632
145,31058
1351,5913
999,16933
1324,18627
2506,30271
2175,23469
2226,1222
2127,16048
870,5447
22,4252
407,49916
1974,1036
1111,405
488,1394
1006,4075
750,49550
271,1030
960,2153
921,30357
1021,9199
2205,41239
101,2104
217,54222
706,20765
31,10061
344,35732
1068,39530
1642,52257
877,31696
2499,5794
1152,9554
1369,34416
2,60625
2476,57599
2473,24716
1713,1682
194,16572
911,7379
2401,39476
2467,4254
1301,61259
1225,38800
718,53843
2505,47720
2160,52175
2102,19675
1817,25967
1934,26477
1714,2178
442,13543
3,21408
1109,10745
238,35146
1963,51572
2235,6829
610,655
263,21718
1586,8669
1487,58216
108,9451
2324,57829
1993,36745
1231,31373
318,10539
1830,16917
2187,14841
1743,9588
1424,56510
2369,13758
1622,34960
1115,601
1197,42940
2190,5014
1366,22189
829,60368
1897,12344
884,47271
1356,21083
1419,43546
2407,9808
1193,58118
1794,49603
802,34110
6,16121
154,13350
478,31669
292,20921
2512,46057
1493,16478
1610,7403
1828,31435
356,50212
1907,21138
99,3664
525,19999
553,55092
350,56559
1124,3199
1229,16519
401,6147
2005,6763
2241,26408
159,36763
994,23446
1230,41972
1210,39204
642,21663
2370,6351
2454,13226
1058,1974
1693,13553
468,47159
2216,39612
1436,6172
13,33467
1905,31965
2315,17711
1810,42396
2495,26530
434,9201
1270,41413
144,36459
414,51756
1971,36994
983,12303
1258,31013
1275,54104
729,39232
937,34400
1159,52718
2283,36565
1177,20385
51,1799
818,25860
2206,52448
1005,48036
438,30672
601,46586
2259,9917
740,40593
372,2608
1222,54118
2115,33204
2462,22980
433,43893
2337,40120
1481,12640
2485,15723
1357,8519
2448,18603
645,50542
1577,13923
855,53700
1771,6542
156,8167
1706,505
474,40095
49,42564
79,29203
1746,5026
166,7568
43,61205
1306,18513
1572,44718
1774,12711
1335,6216
1982,38703
128,24130
723,56289
1756,58917
1445,586
812,2409
2001,17166
1441,15110
120,22466
798,190
1352,27318
142,57297
762,8859
2472,6333
1327,3123
1970,49178
784,13
1620,48734
1336,58227
946,10154
2351,51080
2125,27883
2496,36593
2445,3251
737,1269
888,34914
299,1505
1559,44575
272,37000
2180,24731
2228,623
990,10866
1041,19085
2277,53931
1902,50583
2231,9294
1281,9095
336,35679
580,43103
1461,201
155,22096
1176,14307
1457,1514
1876,8085
2508,36280
811,10610
1840,13962
2099,23475
531,47261
2150,6787
1449,6893
1098,7963
1191,12767
1385,35872
2285,39903
583,6524
96,16520
1168,10033
1866,42379
387,35058
66,23006
2266,5846
61,33002
2299,16895
2039,49954
2081,8292
1604,31784
1,56589
977,18345
1575,60237
2466,36460
1541,11897
1757,60409
2090,38766
322,53195
245,1990
1064,10599
1527,727
1178,16969
1992,2660
1781,5739
1958,11763
669,37175
24,20020
1361,25541
2280,17969
143,49407
1652,919
1649,1681
1030,43457
2459,42511
1345,4485
976,4167
1742,19747
1067,32243
2072,14505
1251,53553
671,13136
1784,3118
1418,361
1260,41640
184,51846
2480,47081
554,14526
1150,32101
2003,38209
2254,11253
731,2164
2501,24786
1660,7385
1079,13573
2490,7424
1444,3004
1846,2831
1204,16044
522,9678
1226,348
681,54099
98,1833
1459,20430
301,40649
771,14998
1555,48688
1167,14662
890,3884
192,48805
1192,6515
1448,1360
493,21879
761,14716
654,24663
198,4654
208,22006
338,21025
1662,41427
1653,7243
119,46497
2479,10738
264,36779
775,14053
1049,16534
501,52036
1290,29051
2042,22941
2129,46631
2386,7377
153,50248
984,47784
2015,40694
188,57945
1656,8278
744,13913
1760,32876
2035,39099
1881,54747
1399,6579
2494,2581
181,2286
997,16134
1082,19261
828,60462
2166,39733
894,40310
2317,16715
1804,32135
2035,35241
2372,10548
656,33329
2504,25698
1085,7386
2111,37266
577,29013
405,36588
1913,16228
1791,47251
608,30918
516,37052
1700,44608
664,2867
875,7431
1455,36530
1010,16245
1211,18874
232,21149
176,39155
2446,37633
1721,49902
804,38816
2009,33960
963,26490
716,48479
2153,24810
25,25681
1980,27110
1983,9612
241,21076
903,16851
1806,840
1018,3564
2151,35524
2096,33406
2309,50149
454,22827
1729,18788
223,2057
483,44552
975,6940
898,24526
1556,5472
1785,4491
1589,21459
1543,1307
1080,25278
152,7361
2413,17514
929,55083
958,7736
412,26166
2174,42374
74,8225
2314,1733
1344,14923
853,1262
2132,9620
873,32753
1012,3159
2113,44791
1360,12128
2273,44883
710,48923
2185,35081
135,24938
2165,10846
415,59932
607,2635
1666,17938
2142,38166
1285,48790
1122,35658
1726,12066
251,22819
2255,463
841,29007
219,1829
1967,47398
711,16938
147,7576
45,57521
587,17835
95,36839
193,17374
249,27720
1659,31450
624,50095
2406,27133
1024,58598
326,13014
1341,43878
125,20275
291,57958
790,12461
1733,26738
216,5881
2043,16215
508,27635
20,9485
1762,28061
736,54270
783,29261
1739,25415
1428,9033
1376,10215
831,9916
1831,42978
229,47831
2243,9832
1491,3850
916,26061
1389,18837
2064,10905
573,7668
779,17676
2054,23167
881,28913
1101,11882
1388,9506
961,5187
2246,2340
1175,28399
1078,7652
720,6938
1496,48642
843,27130
1262,8007
330,48856
283,20800
515,22053
361,22156
823,16875
2332,1813
674,22230
287,30407
12,9522
1299,3559
2330,35556
931,55343
1922,20749
2084,6348
160,21979
1220,30215
835,50985
1151,584
215,3526
1689,36436
1469,2043
1199,12551
1406,18680
2291,10789
1487,5033
2227,40308
2329,5254
875,15408
7,32111
1483,20314
1310,17049
1384,54619
1096,53305
2047,22305
1097,9910
2274,41544
1238,17384
1107,47909
351,19515
1490,19770
2249,24188
359,56257
1089,17849
696,46145
50,5076
1972,18407
1401,2400
207,17390
529,9790
103,14326
1684,48089
222,11667
1033,4538
2323,29212
2144,14999
1530,48068
2304,58708
1943,25019
1601,2595
1852,41785
1890,39761
2012,1005
137,17754
703,32310
1565,22181
2116,179
2363,9994
286,27715
1284,35462
1090,2633
906,32809
1219,42767
497,6309
2182,53638
691,29288
7,28099
1533,18979
962,1501
598,381
543,60187
2356,24126
1970,33682
279,50929
2024,28100
178,26326
2426,40071
209,58725
1748,58460
1658,10767
2137,61100
1004,6154
1246,632
1563,6263
314,5975
250,19321
1031,17579
2062,4447
2173,37703
1609,3502
1646,37551
1950,50179
1776,28911
2004,27717
1011,7281
974,17232
566,51007
885,1354
936,9590
27,21036
2052,31297
1511,29274
374,22550
833,6725
2056,13497
1686,28294
581,15074
1451,21213
1038,24546
2260,59666
1288,21409
1307,37202
1625,4099
182,18671
409,40648
1125,7080
1173,18100
282,13282
106,49016
2040,32393
556,12401
1650,18459
1298,7783
218,294
394,37904
449,11702
1026,46799
763,47009
1329,15883
2107,52890
1812,10531
479,34930
261,31283
1522,27846
2405,51044
408,36540
2193,54432
36,1425
1939,32253
1924,841
1657,2367
2483,4352
1048,35689
2256,29743
2290,44902
519,39288
1621,39614
770,1749
996,16087
8,18579
2376,13955
197,40815
712,19845
1849,4107
565,38139
1294,161
1664,60358
2259,11779
1889,5697
1581,20247
1450,18160
1289,48906
1941,18384
2320,60536
2050,43253
2135,58556
1224,43925
418,25525
2124,1452
2020,19736
2065,58442
347,16
1951,40475
69,15312
2105,16982
2170,48853
2310,51158
972,6550
1128,12954
714,432
60,26792
890,6722
910,56713
552,260
1735,21449
2008,31900
2356,20304
118,11605
2155,51262
215,58712
2484,43824
2402,19243
5,35799
1240,34303
542,6666
1394,7802
2371,5602
947,5301
35,16544
242,4959
1937,38461
2133,14138
1971,32006
1174,9508
2264,13721
247,26720
168,31100
1962,6146
1264,31086
1611,9963
491,22857
463,40828
2147,11095
1164,15893
1772,9388
535,3690
1831,18038
395,34741
1618,60815
210,4656
520,1392
1805,37357
694,40289
1909,10218
866,15268
592,20302
2374,2304
835,47314
742,46831
365,32225
2313,22426
419,17249
1583,14004
1409,30297
170,39546
2316,44162
851,20540
1168,35772
325,53065
2271,14669
89,36325
1083,47693
1670,19017
947,25821
666,51639
806,7083
973,48798
377,27201
2230,2811
905,10825
243,60288
2212,37853
2117,33219
2345,673
489,57003
89,30107
1954,39050
521,30883
2262,11163
1195,26499
1179,23941
1069,35651
2403,9721
1065,37866
400,59191
2037,11082
1294,44147
82,8901
114,4592
700,4086
965,2144
2289,16968
1573,48433
1571,58652
1055,11051
1766,50478
511,5406
2268,60461
2423,19363
1246,4775
1023,45104
2087,49384
2130,14926
715,23718
1495,7213
1927,44227
1720,26506
2449,48128
678,35488
1340,711
2464,30148
502,39121
63,17903
149,22278
1218,34859
23,12125
1616,35738
226,58848
569,21232
2288,20066
792,33084
2158,52130
1383,40677
2455,55230
131,9102
2247,34334
640,50363
1783,9071
2067,41341
1002,51495
2340,30596
399,42861
1494,31541
1071,49885
248,51769
191,26561
343,17304
1973,15675
185,44720
1663,40002
2027,31240
276,9315
1623,2749
612,8639
1525,59349
635,2485
1081,5446
1223,7476
1180,8535
670,58854
797,24649
2395,14330
820,46627
2339,30038
2513,34610
2018,1550
777,10980
1108,60235
1034,5119
383,13579
1367,11231
2396,1253
94,26857
2293,18382
892,6741
1605,30577
660,561
1741,55619
2046,31465
2152,8138
1715,31485
1508,23929
323,39764
534,32907
1132,14118
1547,38921
1202,11108
643,27097
484,5615
1088,21392
1900,24611
2061,1032
2353,47133
458,36164
2110,2887
59,27180
1354,39747
1091,12353
1787,2588
1442,30840
462,9450
392,13814
234,10740
1651,16024
355,834
275,15162
65,39827
102,1935
136,6932
876,37574
1986,10517
1825,22750
1848,57682
563,53370
571,1041
364,133
1515,13983
2442,12620
17,39778
1371,21754
2438,35927
1322,32366
1054,44860
54,16105
213,44997
1155,32441
1403,28676
930,21796
445,1589
2006,23686
52,26493
1261,20900
1688,47508
1364,21434
1692,14041
1867,52960
2140,25022
1552,18487
77,44890
2086,24469
80,21832
1117,34502
814,39826
991,22692
117,40566
1443,26617
785,6956
1792,805
2396,30643
2048,10026
2223,33459
2252,31546
559,37596
44,12237
2076,1722
1046,16518
772,1810
909,30240
1884,45499
679,55748
1851,59939
769,11348
2200,40885
1732,48701
707,37917
1390,23464
380,18115
1615,6307
527,33622
1819,14085
596,7446
353,37484
687,51094
2103,31971
1709,31800
256,2862
86,22002
1189,1564
1949,45029
2338,6391
1104,26316
684,31779
1020,48425
59,23594
2036,48197
1953,46979
2425,24418
167,28075
1844,50955
1377,5930
164,24154
1268,478
435,3375
846,13483
441,51215
863,33555
1685,3955
584,21628
214,39993
1093,18061
396,60922
1382,704
1790,23067
1184,22134
1614,6710
2033,13145
523,40558
386,35504
506,8589
524,2493
233,2530
78,30252
1110,13956
1196,21117
561,17588
179,38481
1683,28233
53,6291
48,60873
1829,4299
370,6941
1669,31455
1157,51267
467,2970
300,29801
1603,10812
1685,13858
2167,40658
1462,46602
1170,3717
1478,11551
1747,36743
1221,51922
1551,4750
1778,35774
346,240
1736,30660
993,27588
1137,25207
507,58864
543,34167
1148,4474
549,6360
2201,33594
733,10533
1875,16672
2263,20787
2275,11753
2300,29061
1025,34212
1588,16660
1661,6121
1205,14747
1843,25941
781,60655
1598,44232
593,11199
358,41770
2265,7152
1767,17838
1797,33993
734,9791
1595,7370
1569,3238
637,19702
349,57540
1926,44724
922,50205
1072,7789
2058,15651
1518,4605
1370,60711
1194,2307
1302,39303
899,1857
957,23579
2159,23220
599,2506
2162,5922
255,22649
2440,3764
1710,54019
2011,26428
995,56712
1896,49528
1013,12175
2091,32474
444,1115
741,46172
1296,31185
1534,57520
1009,42918
1869,23757
1474,24934
970,49206
10,19424
58,37469
2219,53460
2237,23043
2236,49606
2422,51236
1800,13336
2019,34548
28,32412
1103,49548
1773,46594
836,9354
683,2035
617,7380
1070,26313
172,7577
794,58453
260,25
1671,2843
548,32753
395,3631
295,43896
302,34203
1826,1806
2333,19048
29,11586
1936,9453
1509,53775
1920,3052
2450,37521
944,57291
504,55036
17,9628
874,33089
1427,55179
568,8564
1929,13858
151,41133
1834,21771
1421,14356
1978,37334
901,1847
262,57475
1467,51315
1845,27416
482,42456
1217,34228
633,18643
1599,17753
776,39297
1602,45698
1171,2165
2475,14399
1886,33479
1711,28683
273,14237
1626,32629
2492,2547
1416,53037
2469,51720
1412,49553
979,45205
163,50628
655,7853
821,26835
1140,11548
1415,58185
162,19398
2503,37068
1912,23587
867,5523
1894,57151
2179,38071
94,31221
1037,48576
1502,37482
1008,29812
382,40474
204,16829
2510,16111
956,39194
1200,59113
613,31503
859,44056
2456,52867
2183,38490
902,13075
1400,22475
800,29220
574,36420
1925,700
510,3161
857,30793
1850,37709
62,36610
1576,3651
90,3379
517,40121
1116,9531
2073,47132
2169,52319
1985,37856
1053,12173
1701,38646
21,15667
2007,34221
1532,44231
