left_id,right_id
1,56589
10,19424
1004,6154
1006,4075
1009,42918
1010,32988
1017,53708
1022,29850
1026,46799
1028,36647
103,14326
104,2097
1044,29592
1045,51870
1046,16518
1048,35689
1049,16534
1050,48646
1051,45852
1056,22084
1056,40488
106,49016
1060,22084
1060,40488
1066,11802
1071,49885
1083,47693
1084,2179
1093,18061
1094,13515
1097,9910
1105,12410
1109,10745
1112,13970
1125,7080
1127,24525
114,4592
1142,37821
1143,2163
1147,40419
1153,22084
1153,40488
1155,32441
1156,43970
1161,1068
1163,7221
1164,15893
1165,39609
1167,14662
1179,23941
118,11605
1186,55011
1187,36020
119,46497
1198,10322
1198,18917
1210,39204
1211,18874
1213,22084
1213,40488
1214,9094
1215,35307
1218,34859
1222,54118
1229,16519
1231,31373
1232,48231
1240,34303
1241,793
1244,50450
125,14399
125,20275
1256,21129
1259,11056
126,39325
1261,20900
1261,28027
1261,45011
1264,31086
1273,16600
1284,35462
1289,48906
1298,7783
1303,44692
1311,46877
1328,28191
1332,6579
1340,711
1341,43878
1344,14923
1345,4485
1360,12128
1364,21434
1365,27748
1366,22189
1367,11231
1371,21754
1373,36005
1374,40616
1377,5930
1378,32304
1380,57615
1382,704
1386,6059
1399,6579
1408,58368
1422,2434
1423,12376
1431,22084
1431,40488
1432,30189
1432,45427
1433,2806
1434,33892
1435,18012
144,36459
1440,23208
1440,27469
1450,18160
1452,16398
1455,36530
1458,42818
1461,201
1474,24934
1479,28752
1490,19770
1492,3271
1497,57218
1507,106
1509,53775
1512,21346
1514,11104
1522,27846
1533,18979
1533,47398
1543,1307
1545,2278
1549,51295
1552,18487
1558,23478
156,8167
1562,22033
1573,48433
1578,38952
1581,20247
1581,30060
1586,8669
159,36763
1590,16788
1590,28563
1591,43254
16,22412
1601,2595
1602,28084
1602,43706
1602,45698
1607,50367
1615,6307
1618,60815
1621,22446
1621,39614
1621,54151
1622,28763
1622,34960
1625,4099
1628,44735
163,50628
1632,17559
1640,1081
1640,8381
1646,37551
165,33809
1650,18459
1653,7243
1666,17938
1667,22084
1667,40488
1670,19017
1675,38
1681,4730
1681,53632
1683,28233
1684,48089
1707,42389
1718,16164
172,7577
1727,12526
1727,21309
1734,41177
1742,19747
1749,23234
1750,13808
1758,51676
176,39155
1763,27387
1772,9388
1773,46594
1776,28911
1777,2986
1777,6550
1781,5739
1791,47251
1792,805
1792,8373
1795,45043
18,25181
18,853
1810,34323
1810,45278
1812,20352
1819,14085
1821,6541
1825,22750
1827,6579
1832,57928
1833,22084
1833,40488
1835,52761
1835,54201
1836,24885
1838,40057
184,51846
1844,50955
1846,2831
1846,33766
1850,37709
1852,41785
1854,42277
1861,49346
1869,23757
1880,4062
1881,54747
1882,22084
1882,40488
1886,33479
1887,55866
1888,36871
189,22084
189,40488
1890,39761
1897,12344
1898,11257
1898,32748
1898,40140
1900,24611
1906,31823
1909,10218
191,26561
1926,44724
1933,28931
1933,33338
1936,9453
1945,41854
1949,45029
1950,50179
1951,40475
1954,39050
1956,59691
1957,1528
1957,20906
196,32305
1961,22486
1967,18979
1967,47398
1970,49178
1971,32006
1971,36994
1973,15675
1979,48041
1992,2660
2,60625
200,22084
200,40488
2001,17166
2012,1005
2014,15736
202,18057
2028,28623
2029,28833
2030,461
2031,2752
2031,2845
2036,48197
2037,11082
2039,59869
2040,32393
2043,16215
2045,1513
205,22084
205,40488
2050,43253
2051,22084
2051,40488
2052,31297
2054,23167
2060,1180
2071,15747
2088,32511
2092,4287
210,4656
2104,30049
2105,16982
211,54669
2111,37266
2123,22084
2123,40488
2124,1452
213,44997
2131,22084
2131,40488
2137,61100
2140,25022
2140,38707
2151,1826
2151,35524
2152,8138
2155,51262
2159,23220
2163,1081
2163,8381
2166,39733
2167,40658
2174,42374
2190,5014
2194,27847
220,45567
2201,33594
2202,1422
2213,12582
2213,7450
2220,3310
2221,37004
2237,23043
2239,7365
2240,22084
2240,40488
2242,4096
2246,2340
2249,24188
2255,463
226,58848
2260,59666
2263,20787
2263,9948
2265,7152
2274,41544
2279,33077
2279,35796
2279,9143
228,29242
2280,17969
2288,20066
2289,16968
229,47831
229,56862
2294,11653
2297,17711
2309,50149
2315,17711
2324,57829
2331,3684
2334,51686
2336,32754
2341,8917
2348,59195
2354,33794
2354,45150
2354,48185
2354,50062
2359,19162
236,29091
2360,20374
2360,21718
2360,37672
237,17547
2379,35452
2389,22084
2389,40488
2391,9157
2396,30643
2397,57687
240,17394
2401,39476
2404,22084
2404,40488
2406,27133
2407,9808
2413,17514
2417,22084
2417,40488
2420,53783
2422,51236
2423,19363
2424,34259
2425,24418
2428,22687
2437,25469
2440,3764
2442,12620
2446,37633
2449,48128
245,21802
245,6048
2450,37521
2453,22084
2453,40488
2454,13226
2455,53467
2455,55923
2455,5707
2457,1882
2460,40999
2468,31843
2471,10487
2472,6333
2482,4815
2487,6579
2489,7964
2495,26530
2502,25145
2513,34610
253,6398
256,2862
262,57475
265,37050
265,48497
268,22084
268,40488
272,37000
273,14237
279,50929
284,32044
287,30407
29,11586
291,57958
295,43896
298,10774
309,36802
317,14396
323,39764
323,43323
325,53065
338,21025
339,57363
34,58089
34,7840
343,17304
355,834
36,1425
360,4270
361,22156
363,50773
366,6579
371,53339
372,48477
375,25906
379,6136
382,40474
384,17778
388,638
393,22084
393,40488
394,37904
4,2541
413,178
421,21371
423,22084
423,40488
428,1268
444,10898
444,1115
447,53467
447,55923
447,5707
450,25613
464,32121
476,32572
479,34930
48,60873
480,35990
491,22857
493,21879
497,6309
498,22084
498,40488
50,5076
505,55938
510,3161
512,16624
520,1392
522,963
522,9678
526,10981
530,54960
532,50349
537,56404
538,22861
552,20245
552,260
553,55092
561,17588
562,29066
563,53370
57,59339
573,7668
574,36420
586,59215
587,17835
591,2235
594,28581
598,381
60,26792
601,46586
610,655
620,14183
625,31338
635,2485
641,12370
646,44003
648,6753
651,36520
653,30087
656,33329
66,23006
663,5917
663,59584
665,22084
665,40488
666,51639
674,22230
677,6579
68,22084
68,40488
684,31779
689,46598
690,28915
691,29288
704,32344
709,1867
710,48923
721,5828
738,26070
738,35052
74,8225
740,40593
746,1081
746,8381
758,35218
76,25543
773,22084
773,40488
774,26248
775,14053
776,39297
777,10980
780,22084
780,40488
786,7865
793,8827
797,24649
798,190
800,29220
801,22705
805,9456
814,39826
819,48541
821,26835
822,2392
823,16875
827,9641
828,60462
83,3256
832,25939
838,1234
839,2499
846,13483
85,1333
851,20540
859,44056
860,32639
870,5447
872,46847
873,37068
875,15408
877,31696
891,54577
891,59099
893,16840
894,3970
897,45889
900,37068
906,32809
907,22084
907,40488
908,6579
915,2488
917,17820
922,50205
927,28727
929,55083
938,38529
942,35858
945,23206
96,16520
96,21570
960,2153
963,26490
965,2144
969,22084
969,40488
972,2986
972,6550
973,48798
977,18345
977,47012
978,26024
98,1833
987,22084
987,40488
997,16134
